variable,mean,median,sd,mad,q5,q95,rhat,ess_bulk,ess_tail
mu,0.015330998829418924,0.015629326,0.03362810018699252,0.032652982551,-0.04114777695,0.06957750445,1.0023989548390844,4683.4584081215025,2690.0786736797218
alpha,0.305402427605,0.30407597,0.02152795585266349,0.021044706395999944,0.271562907,0.3422996175,1.0013052637593987,1511.9110185489972,2645.365550011011
rho,2.87447506385,2.8583024,0.49495996639224493,0.4878211382100001,2.0896990900000003,3.7056111549999997,1.000223337228336,2288.190094073966,2863.805963057524
phi,47.44573937975,47.3290475,3.807148742005792,3.8343527522999956,41.480787299999996,53.90171515,1.0007096288023534,4638.89791940862,3020.7166316225894
temp_effect,0.9887242871925,0.98863682,0.012272557181530187,0.012352949069999964,0.968858088,1.0091331700000001,0.9997669602439349,8623.986117659377,2919.5209075235375
rain_effect,1.0029667863525,1.0026728,0.010447590735538439,0.010568017278000092,0.986064346,1.020258105,1.000984427328916,8939.026207122179,3038.702239408985
prop_climate,0.005021391410869255,0.0036783165,0.0046738434944945065,0.0037246476911699995,2.8047712650000004e-4,0.014411283199999998,1.0003412987577183,3254.92261489535,3023.097994193422
prop_residual,0.99497860861,0.9963216850000001,0.004673843452082024,0.003724639610999879,0.985588715,0.9997195215,1.0003413134402528,3254.9318894197977,3023.097994193422
