model,coverage_95,coverage_80
Model 0,0.9773519163763066,0.9233449477351916
Model 1,0.9825783972125436,0.9163763066202091
Model 2,0.9843205574912892,0.9181184668989547
